cosecha,mob,mora30_pct
202207,36,4.52
202208,35,5.56
202209,34,4.26
202210,33,9.31
202211,32,3.23
202212,31,5.74
202301,30,9.35
202302,29,9.37
202303,28,4.7
202304,27,12.44
202305,26,12.84
202306,25,10.88
202307,24,5.56
202308,23,6.48
202309,22,10.09
202310,21,3.88
202311,20,3.48
202312,19,3.7
202401,18,1.41
202402,17,1.11
202403,16,4.08
202404,15,5.02
202405,14,3.26
202406,13,1.04
202407,12,2.33
202408,11,2.64
202409,10,2.29
202410,9,0.35
202411,8,1.64
202412,7,1.25
202501,6,1.53
202502,5,0.62
202503,4,0.75
202504,3,0.09
202505,2,0.35
202506,1,0.13
202507,0,0.0
202208,36,5.54
202209,35,4.42
202210,34,9.31
202211,33,3.23
202212,32,5.74
202301,31,9.13
202302,30,9.8
202303,29,3.88
202304,28,12.94
202305,27,13.03
202306,26,10.54
202307,25,5.54
202308,24,6.46
202309,23,10.2
202310,22,2.05
202311,21,4.02
202312,20,4.05
202401,19,1.29
202402,18,1.27
202403,17,4.42
202404,16,5.12
202405,15,3.35
202406,14,1.05
202407,13,2.36
202408,12,2.66
202409,11,2.58
202410,10,0.26
202411,9,1.94
202412,8,1.44
202501,7,2.22
202502,6,0.39
202503,5,0.85
202504,4,0.07
202505,3,0.06
202506,2,0.0
202507,1,0.0
202508,0,0.0
202209,36,4.59
202210,35,9.31
202211,34,3.23
202212,33,5.19
202301,32,9.04
202302,31,9.89
202303,30,4.06
202304,29,12.84
202305,28,13.72
202306,27,10.38
202307,26,6.18
202308,25,6.23
202309,24,9.85
202310,23,0.57
202311,22,4.55
202312,21,4.2
202401,20,1.44
202402,19,1.18
202403,18,3.89
202404,17,4.77
202405,16,3.06
202406,15,1.25
202407,14,0.87
202408,13,3.0
202409,12,2.83
202410,11,0.48
202411,10,2.96
202412,9,1.6
202501,8,2.24
202502,7,0.65
202503,6,1.1
202504,5,0.16
202505,4,0.28
202506,3,0.08
202507,2,0.19
202508,1,0.0
202509,0,0.0
202210,36,9.31
202211,35,3.23
202212,34,4.5
202301,33,8.93
202302,32,9.98
202303,31,3.92
202304,30,11.91
202305,29,14.17
202306,28,10.52
202307,27,5.42
202308,26,6.26
202309,25,9.78
202310,24,1.33
202311,23,4.81
202312,22,4.8
202401,21,0.75
202402,20,1.35
202403,19,4.5
202404,18,5.93
202405,17,2.82
202406,16,1.54
202407,15,1.09
202408,14,3.09
202409,13,2.87
202410,12,0.55
202411,11,3.94
202412,10,1.88
202501,9,2.62
202502,8,0.66
202503,7,1.3
202504,6,0.43
202505,5,0.13
202506,4,0.69
202507,3,0.39
202508,2,0.0
202509,1,0.0
202510,0,0.0
202211,36,3.23
202212,35,4.5
202301,34,8.82
202302,33,10.07
202303,32,3.76
202304,31,10.51
202305,30,14.53
202306,29,10.68
202307,28,5.76
202308,27,6.36
202309,26,7.8
202310,25,0.77
202311,24,5.44
202312,23,4.71
202401,22,0.63
202402,21,1.21
202403,20,4.22
202404,19,5.46
202405,18,2.4
202406,17,1.65
202407,16,1.73
202408,15,3.2
202409,14,3.02
202410,13,0.15
202411,12,3.92
202412,11,1.62
202501,10,3.1
202502,9,1.07
202503,8,1.33
202504,7,0.33
202505,6,0.35
202506,5,2.02
202507,4,0.39
202508,3,0.46
202509,2,0.15
202510,1,0.0
202511,0,0.0
202212,36,4.5
202301,35,8.82
202302,34,9.9
202303,33,3.43
202304,32,8.62
202305,31,13.63
202306,30,10.76
202307,29,6.13
202308,28,6.21
202309,27,7.85
202310,26,0.93
202311,25,5.4
202312,24,4.74
202401,23,0.38
202402,22,1.21
202403,21,4.47
202404,20,6.28
202405,19,2.16
202406,18,1.49
202407,17,2.4
202408,16,2.9
202409,15,3.85
202410,14,0.15
202411,13,4.32
202412,12,1.96
202501,11,3.31
202502,10,0.99
202503,9,1.56
202504,8,0.39
202505,7,0.49
202506,6,2.55
202507,5,1.06
202508,4,0.55
202509,3,0.38
202510,2,0.0
202511,1,0.0
202512,0,0.0
202302,36,9.44
202303,35,3.09
202304,34,8.48
202305,33,13.36
202306,32,6.66
202307,31,5.89
202308,30,6.38
202309,29,7.97
202310,28,1.2
202311,27,6.06
202312,26,5.12
202401,25,0.13
202402,24,1.62
202403,23,4.92
202404,22,7.39
202405,21,1.23
202406,20,1.29
202407,19,2.3
202408,18,3.66
202409,17,5.04
202410,16,0.49
202411,15,5.4
202412,14,1.71
202501,13,5.09
202502,12,2.02
202503,11,2.88
202504,10,0.8
202505,9,0.97
202506,8,2.06
202507,7,1.56
202508,6,1.61
202509,5,1.42
202510,4,0.38
202511,3,0.2
202512,2,0.91
202601,1,0.0
202602,0,0.0
202303,36,3.07
202304,35,8.3
202305,34,12.91
202306,33,6.54
202307,32,5.62
202308,31,6.17
202309,30,7.65
202310,29,1.38
202311,28,6.54
202312,27,4.94
202401,26,0.0
202402,25,1.39
202403,24,5.11
202404,23,7.8
202405,22,1.2
202406,21,1.2
202407,20,1.24
202408,19,3.62
202409,18,5.02
202410,17,0.48
202411,16,5.46
202412,15,1.66
202501,14,5.3
202502,13,1.24
202503,12,2.67
202504,11,0.92
202505,10,0.61
202506,9,2.15
202507,8,1.18
202508,7,1.35
202509,6,1.87
202510,5,0.41
202511,4,0.24
202512,3,0.73
202601,2,0.0
202602,1,0.0
202603,0,0.0
202304,36,7.92
202305,35,12.91
202306,34,6.47
202307,33,5.62
202308,32,6.11
202309,31,7.8
202310,30,1.43
202311,29,6.74
202312,28,4.23
202401,27,0.0
202402,26,0.88
202403,25,5.26
202404,24,8.46
202405,23,1.02
202406,22,1.23
202407,21,1.6
202408,20,3.99
202409,19,3.99
202410,18,0.86
202411,17,6.6
202412,16,2.1
202501,15,5.79
202502,14,1.79
202503,13,3.05
202504,12,1.39
202505,11,1.06
202506,10,3.34
202507,9,1.7
202508,8,2.47
202509,7,2.27
202510,6,0.63
202511,5,0.66
202512,4,1.35
202601,3,0.47
202602,2,0.15
202603,1,0.07
202604,0,0.0
202305,36,11.33
202306,35,6.47
202307,34,5.62
202308,33,6.08
202309,32,7.8
202310,31,1.43
202311,30,5.14
202312,29,4.17
202401,28,0.0
202402,27,0.66
202403,26,4.9
202404,25,8.5
202405,24,1.14
202406,23,1.08
202407,22,2.08
202408,21,4.54
202409,20,4.56
202410,19,0.76
202411,18,6.94
202412,17,2.07
202501,16,5.77
202502,15,1.71
202503,14,2.97
202504,13,1.33
202505,12,1.15
202506,11,2.82
202507,10,1.59
202508,9,2.26
202509,8,2.4
202510,7,0.77
202511,6,0.61
202512,5,1.12
202601,4,0.21
202602,3,0.15
202603,2,0.24
202604,1,0.0
202306,36,6.34
202307,35,5.62
202308,34,6.06
202309,33,7.97
202310,32,1.3
202311,31,5.11
202312,30,4.16
202401,29,0.0
202402,28,0.75
202403,27,4.58
202404,26,8.67
202405,25,1.14
202406,24,1.08
202407,23,2.62
202408,22,4.3
202409,21,4.72
202410,20,0.67
202411,19,5.98
202412,18,1.59
202501,17,6.62
202502,16,1.84
202503,15,3.03
202504,14,1.32
202505,13,0.97
202506,12,3.97
202507,11,1.48
202508,10,3.04
202509,9,2.92
202510,8,0.46
202511,7,0.84
202512,6,1.07
202601,5,0.56
202602,4,0.06
202603,3,0.48
202604,2,0.18
202201,12,6.73
202201,13,6.09
202201,14,7.94
202201,15,9.55
202201,16,10.3
202201,17,10.52
202201,18,10.28
202201,19,10.45
202201,20,11.09
202201,21,13.83
202201,22,18.93
202201,23,21.51
202201,24,22.05
202201,25,15.6
202201,26,14.7
202201,27,14.32
202201,28,11.57
202201,29,12.4
202201,30,9.57
202201,31,9.76
202201,32,9.43
202201,33,9.95
202201,34,9.64
202201,35,7.6
202201,36,7.4
202202,11,1.8
202202,12,2.13
202202,13,2.74
202202,14,3.22
202202,15,3.44
202202,16,4.3
202202,17,4.95
202202,18,5.53
202202,19,5.98
202202,20,6.63
202202,21,8.24
202202,22,9.28
202202,23,8.94
202202,24,9.97
202202,25,9.79
202202,26,8.34
202202,27,10.0
202202,28,10.09
202202,29,10.11
202202,30,10.22
202202,31,9.07
202202,32,9.07
202202,33,9.07
202202,34,7.53
202202,35,7.43
202202,36,7.53
202203,10,2.04
202203,11,2.75
202203,12,3.2
202203,13,3.29
202203,14,4.0
202203,15,5.04
202203,16,4.79
202203,17,5.95
202203,18,7.1
202203,19,8.1
202203,20,10.45
202203,21,11.12
202203,22,12.16
202203,23,13.83
202203,24,14.18
202203,25,13.59
202203,26,13.82
202203,27,15.24
202203,28,15.99
202203,29,15.53
202203,30,15.62
202203,31,13.3
202203,32,13.3
202203,33,13.17
202203,34,12.97
202203,35,12.97
202203,36,12.8
202204,9,0.29
202204,10,0.99
202204,11,1.05
202204,12,1.52
202204,13,2.37
202204,14,2.46
202204,15,2.8
202204,16,3.46
202204,17,4.31
202204,18,4.7
202204,19,5.97
202204,20,6.6
202204,21,6.88
202204,22,9.37
202204,23,9.4
202204,24,9.48
202204,25,8.78
202204,26,9.66
202204,27,10.1
202204,28,9.96
202204,29,8.04
202204,30,8.66
202204,31,7.79
202204,32,7.92
202204,33,7.82
202204,34,7.82
202204,35,7.82
202204,36,7.4
202205,8,0.85
202205,9,0.98
202205,10,1.46
202205,11,2.2
202205,12,2.59
202205,13,2.51
202205,14,2.79
202205,15,3.05
202205,16,3.66
202205,17,3.75
202205,18,3.8
202205,19,4.17
202205,20,4.47
202205,21,5.3
202205,22,5.35
202205,23,6.27
202205,24,4.28
202205,25,4.25
202205,26,4.23
202205,27,4.21
202205,28,4.31
202205,29,4.41
202205,30,4.52
202205,31,4.52
202205,32,4.52
202205,33,4.32
202205,34,4.4
202205,35,4.4
202205,36,4.4
202206,7,0.4
202206,8,0.72
202206,9,1.27
202206,10,0.85
202206,11,2.4
202206,12,2.0
202206,13,2.51
202206,14,2.74
202206,15,3.54
202206,16,4.4
202206,17,5.64
202206,18,6.38
202206,19,6.47
202206,20,6.74
202206,21,6.63
202206,22,5.24
202206,23,7.35
202206,24,8.98
202206,25,8.31
202206,26,8.17
202206,27,7.62
202206,28,7.87
202206,29,8.12
202206,30,8.17
202206,31,8.17
202206,32,8.01
202206,33,8.1
202206,34,7.6
202206,35,7.6
202206,36,7.6
202207,6,0.56
202207,7,2.07
202207,8,2.73
202207,9,1.21
202207,10,1.77
202207,11,2.21
202207,12,2.29
202207,13,1.78
202207,14,1.88
202207,15,2.12
202207,16,2.2
202207,17,2.4
202207,18,2.79
202207,19,4.31
202207,20,3.86
202207,21,5.06
202207,22,4.5
202207,23,5.91
202207,24,6.25
202207,25,6.01
202207,26,5.55
202207,27,5.04
202207,28,4.94
202207,29,5.08
202207,30,5.08
202207,31,5.18
202207,32,5.3
202207,33,5.2
202207,34,5.2
202207,35,5.2
202208,5,1.96
202208,6,2.42
202208,7,2.56
202208,8,1.22
202208,9,1.49
202208,10,2.0
202208,11,1.85
202208,12,2.68
202208,13,2.4
202208,14,2.9
202208,15,3.06
202208,16,3.83
202208,17,4.63
202208,18,5.11
202208,19,4.96
202208,20,5.68
202208,21,4.36
202208,22,7.07
202208,23,7.84
202208,24,9.01
202208,25,8.55
202208,26,8.56
202208,27,7.32
202208,28,7.33
202208,29,7.33
202208,30,7.43
202208,31,7.43
202208,32,7.5
202208,33,7.5
202208,34,7.5
202209,4,0.7
202209,5,0.99
202209,6,1.24
202209,7,1.57
202209,8,1.81
202209,9,2.64
202209,10,3.02
202209,11,3.76
202209,12,4.11
202209,13,4.24
202209,14,2.42
202209,15,2.73
202209,16,3.31
202209,17,3.21
202209,18,3.62
202209,19,3.57
202209,20,4.43
202209,21,5.1
202209,22,4.58
202209,23,4.68
202209,24,4.53
202209,25,4.82
202209,26,5.04
202209,27,5.26
202209,28,5.26
202209,29,5.46
202209,30,5.46
202209,31,5.7
202209,32,5.7
202209,33,5.7
202210,3,0.0
202210,4,0.3
202210,5,0.04
202210,6,0.34
202210,7,0.0
202210,8,0.32
202210,9,0.33
202210,10,0.52
202210,11,0.45
202210,12,0.69
202210,13,0.94
202210,14,1.2
202210,15,1.47
202210,16,2.14
202210,17,2.28
202210,18,3.08
202210,19,2.72
202210,20,3.35
202210,21,4.04
202210,22,4.62
202210,23,4.9
202210,24,5.66
202210,25,5.97
202210,26,6.62
202210,27,6.62
202210,28,6.52
202210,29,6.4
202210,30,6.7
202210,31,6.8
202210,32,7.1
202211,2,0.0
202211,3,0.0
202211,4,0.39
202211,5,0.36
202211,6,0.49
202211,7,0.78
202211,8,1.35
202211,9,1.54
202211,10,0.77
202211,11,0.85
202211,12,2.1
202211,13,2.19
202211,14,1.56
202211,15,1.92
202211,16,1.95
202211,17,2.02
202211,18,0.89
202211,19,2.53
202211,20,2.76
202211,21,3.01
202211,22,3.27
202211,23,3.53
202211,24,3.23
202211,25,3.23
202211,26,3.23
202211,27,3.43
202211,28,3.6
202211,29,3.7
202211,30,3.7
202211,31,3.7
202212,1,0.0
202212,2,0.0
202212,3,0.0
202212,4,0.62
202212,5,0.35
202212,6,0.77
202212,7,0.38
202212,8,0.58
202212,9,0.7
202212,10,0.74
202212,11,0.88
202212,12,1.4
202212,13,1.79
202212,14,3.02
202212,15,3.09
202212,16,3.25
202212,17,0.99
202212,18,3.47
202212,19,4.19
202212,20,4.74
202212,21,5.03
202212,22,4.54
202212,23,4.87
202212,24,5.18
202212,25,5.18
202212,26,5.38
202212,27,5.38
202212,28,5.6
202212,29,5.6
202212,30,5.6
202301,0,0.0
202301,1,0.0
202301,2,0.21
202301,3,0.61
202301,4,0.42
202301,5,0.39
202301,6,0.35
202301,7,0.51
202301,8,0.57
202301,9,0.84
202301,10,1.42
202301,11,1.66
202301,12,1.75
202301,13,2.81
202301,14,2.72
202301,15,3.86
202301,16,2.68
202301,17,4.48
202301,18,5.13
202301,19,5.58
202301,20,6.04
202301,21,6.4
202301,22,6.74
202301,23,7.47
202301,24,7.47
202301,25,7.33
202301,26,7.33
202301,27,7.5
202301,28,7.7
202301,29,8.0
202301,36,8.82
202302,0,0.0
202302,1,0.0
202302,2,0.0
202302,3,0.28
202302,4,0.29
202302,5,0.37
202302,6,0.51
202302,7,0.86
202302,8,1.14
202302,9,1.43
202302,10,1.55
202302,11,1.79
202302,12,2.78
202302,13,3.0
202302,14,2.66
202302,15,4.13
202302,16,4.32
202302,17,4.85
202302,18,5.15
202302,19,5.59
202302,20,5.78
202302,21,6.29
202302,22,6.65
202302,23,6.65
202302,24,6.25
202302,25,6.5
202302,26,6.8
202302,27,7.2
202302,28,7.4
202302,35,9.9
202303,0,0.0
202303,1,0.0
202303,2,0.24
202303,3,0.06
202303,4,0.25
202303,5,0.43
202303,6,0.85
202303,7,1.59
202303,8,1.79
202303,9,1.78
202303,10,2.47
202303,11,2.99
202303,12,3.82
202303,13,3.89
202303,14,3.09
202303,15,4.87
202303,16,5.17
202303,17,4.87
202303,18,5.31
202303,19,5.26
202303,20,5.67
202303,21,5.9
202303,22,5.9
202303,23,5.5
202303,24,5.2
202303,25,5.2
202303,26,5.2
202303,27,5.2
202303,34,3.43
202304,0,0.0
202304,1,0.0
202304,2,1.13
202304,3,1.48
202304,4,2.3
202304,5,0.9
202304,6,2.34
202304,7,1.86
202304,8,2.56
202304,9,3.28
202304,10,5.51
202304,11,5.98
202304,12,7.42
202304,13,6.97
202304,14,8.05
202304,15,7.25
202304,16,8.35
202304,17,8.46
202304,18,9.12
202304,19,10.21
202304,20,10.43
202304,21,10.43
202304,22,10.13
202304,23,9.8
202304,24,9.8
202304,25,9.8
202304,26,9.9
202304,33,8.62
202305,0,0.0
202305,1,0.0
202305,2,0.85
202305,3,0.72
202305,4,0.95
202305,5,2.01
202305,6,2.43
202305,7,3.24
202305,8,4.29
202305,9,5.18
202305,10,5.76
202305,11,5.23
202305,12,8.49
202305,13,8.01
202305,14,8.7
202305,15,8.39
202305,16,8.92
202305,17,9.79
202305,18,9.7
202305,19,10.44
202305,20,10.44
202305,21,10.54
202305,22,9.8
202305,23,9.6
202305,24,9.6
202305,25,9.8
202305,32,13.63
202306,0,0.0
202306,1,0.0
202306,2,0.21
202306,3,0.74
202306,4,0.46
202306,5,1.88
202306,6,2.78
202306,7,1.92
202306,8,2.9
202306,9,3.04
202306,10,3.96
202306,11,4.2
202306,12,4.55
202306,13,4.9
202306,14,5.11
202306,15,5.54
202306,16,6.42
202306,17,6.92
202306,18,7.59
202306,19,7.39
202306,20,7.19
202306,21,7.19
202306,22,7.0
202306,23,7.3
202306,24,7.6
202306,31,10.76
202307,0,0.0
202307,1,0.0
202307,2,0.06
202307,3,0.0
202307,4,0.2
202307,5,1.25
202307,6,1.35
202307,7,2.74
202307,8,1.01
202307,9,0.89
202307,10,2.25
202307,11,2.39
202307,12,2.7
202307,13,2.28
202307,14,2.16
202307,15,1.73
202307,16,2.28
202307,17,2.62
202307,18,2.62
202307,19,2.62
202307,20,2.4
202307,21,2.5
202307,22,2.7
202307,23,3.0
202307,30,6.13
202308,0,0.0
202308,1,0.0
202308,2,0.07
202308,3,0.13
202308,4,0.22
202308,5,0.49
202308,6,1.53
202308,7,1.44
202308,8,1.79
202308,9,2.28
202308,10,2.95
202308,11,3.16
202308,12,3.7
202308,13,3.8
202308,14,3.72
202308,15,4.07
202308,16,3.92
202308,17,3.42
202308,18,3.52
202308,19,3.7
202308,20,4.0
202308,21,4.5
202308,22,4.8
202308,29,6.21
202309,0,0.0
202309,1,0.0
202309,2,1.87
202309,3,1.21
202309,4,1.27
202309,5,3.92
202309,6,4.29
202309,7,5.2
202309,8,6.81
202309,9,7.75
202309,10,7.25
202309,11,7.25
202309,12,6.22
202309,13,6.67
202309,14,6.66
202309,15,6.21
202309,16,6.41
202309,17,6.61
202309,18,6.4
202309,19,6.4
202309,20,6.8
202309,21,7.0
202309,28,7.85
202310,0,0.0
202310,1,0.0
202310,2,3.1
202310,3,2.49
202310,4,3.75
202310,5,4.74
202310,6,1.49
202310,7,3.66
202310,8,4.41
202310,9,4.57
202310,10,5.1
202310,11,4.42
202310,12,5.19
202310,13,3.9
202310,14,4.25
202310,15,4.45
202310,16,4.15
202310,17,4.5
202310,18,5.0
202310,19,5.2
202310,20,4.5
202310,27,0.93
202311,0,0.0
202311,1,0.0
202311,2,0.44
202311,3,1.09
202311,4,0.81
202311,5,1.48
202311,6,1.83
202311,7,2.0
202311,8,2.81
202311,9,2.08
202311,10,3.15
202311,11,3.79
202311,12,3.72
202311,13,3.62
202311,14,3.42
202311,15,3.12
202311,16,3.3
202311,17,3.3
202311,18,3.3
202311,19,3.3
202311,26,5.4
202312,0,0.0
202312,1,0.0
202312,2,0.48
202312,3,0.44
202312,4,0.57
202312,5,0.34
202312,6,1.84
202312,7,1.81
202312,8,1.81
202312,9,1.92
202312,10,1.6
202312,11,1.8
202312,12,2.01
202312,13,2.09
202312,14,2.3
202312,15,2.7
202312,16,3.2
202312,17,3.5
202312,18,3.8
202312,25,4.74
202401,0,0.0
202401,1,0.0
202401,2,0.41
202401,3,0.42
202401,4,0.67
202401,5,0.72
202401,6,0.88
202401,7,0.96
202401,8,1.32
202401,9,1.31
202401,10,1.5
202401,11,1.2
202401,12,1.5
202401,13,1.8
202401,14,1.6
202401,15,1.9
202401,16,2.2
202401,17,2.1
202401,24,0.38
202402,0,0.0
202402,1,0.0
202402,2,0.0
202402,3,0.07
202402,4,1.97
202402,5,1.48
202402,6,1.7
202402,7,0.46
202402,8,0.52
202402,9,0.59
202402,10,0.76
202402,11,0.76
202402,12,0.96
202402,13,1.3
202402,14,1.1
202402,15,1.5
202402,16,1.7
202402,23,1.21
202403,0,0.0
202403,1,0.0
202403,2,1.17
202403,3,0.15
202403,4,0.2
202403,5,0.29
202403,6,1.2
202403,7,1.2
202403,8,1.5
202403,9,2.3
202403,10,2.2
202403,11,2.5
202403,12,2.8
202403,13,3.0
202403,14,3.3
202403,15,3.6
202403,22,4.47
202404,0,0.0
202404,1,0.3
202404,2,0.0
202404,3,0.1
202404,4,1.1
202404,5,0.76
202404,6,1.01
202404,7,1.27
202404,8,1.75
202404,9,1.55
202404,10,2.2
202404,11,2.8
202404,12,3.2
202404,13,3.6
202404,14,4.1
202404,21,6.28
202405,0,0.0
202405,1,0.0
202405,2,0.0
202405,3,0.0
202405,4,1.08
202405,5,1.14
202405,6,1.08
202405,7,1.44
202405,8,1.64
202405,9,1.8
202405,10,2.2
202405,11,2.6
202405,12,3.2
202405,13,3.5
202405,20,2.16
202406,0,0.0
202406,1,0.0
202406,2,0.0
202406,3,0.21
202406,4,0.25
202406,5,0.32
202406,6,0.78
202406,7,1.18
202406,8,1.08
202406,9,2.1
202406,10,1.8
202406,11,2.1
202406,12,2.3
202406,19,1.49
202407,0,0.0
202407,1,0.0
202407,2,0.0
202407,3,0.0
202407,4,0.22
202407,5,0.59
202407,6,0.79
202407,7,1.5
202407,8,1.1
202407,9,1.8
202407,10,1.5
202407,11,1.8
202407,18,2.4
202408,0,0.0
202408,1,0.0
202408,2,0.0
202408,3,0.18
202408,4,0.19
202408,5,1.2
202408,6,1.5
202408,7,1.9
202408,8,2.5
202408,9,2.4
202408,10,2.7
202408,17,2.9
202409,0,0.0
202409,1,0.0
202409,2,0.0
202409,3,0.0
202409,4,0.2
202409,5,1.0
202409,6,1.4
202409,7,1.8
202409,8,2.3
202409,9,2.8
202409,16,3.85
202410,0,0.0
202410,1,0.0
202410,2,0.0
202410,3,0.16
202410,4,0.36
202410,5,0.5
202410,6,0.5
202410,7,0.8
202410,8,0.7
202410,15,0.15
202411,0,0.0
202411,1,0.0
202411,2,1.0
202411,3,0.8
202411,4,0.4
202411,5,0.4
202411,6,0.8
202411,7,1.3
202411,14,4.32
202412,0,0.0
202412,1,0.0
202412,2,0.0
202412,3,0.5
202412,4,0.7
202412,5,1.3
202412,6,1.8
202412,13,1.96
202501,0,0.0
202501,1,0.0
202501,2,0.8
202501,3,1.4
202501,4,1.8
202501,5,2.0
202501,12,3.31
202502,0,0.0
202502,1,0.1
202502,2,0.8
202502,3,1.5
202502,4,1.2
202502,11,0.99
202503,0,0.0
202503,1,0.0
202503,2,0.8
202503,3,1.0
202503,10,1.56
202504,0,0.0
202504,1,0.0
202504,2,0.7
202504,9,0.39
202505,0,0.0
202505,1,0.0
202505,8,0.49
202506,0,0.0
202506,7,2.55
202507,6,1.06
202508,5,0.55
202509,4,0.38
202510,3,0.0
202511,2,0.0
202512,1,0.0
202601,0,0.0
